Method,Silhouette,Davies_Bouldin,ARI,NMI
Beta-VAE + KMeans,0.10875216,2.5014624126576632,0.15148398471936528,0.11987290005810998
